sensor_id,timestamp,temperature,humidity,location,sensor_type
1006,2025-04-07 20:58:40,32.88,52.04,BuildingA_Floor2,TypeA
1001,2025-04-05 17:26:53,18.64,52.19,BuildingB_Floor1,TypeB
1097,2025-04-05 02:58:42,31.26,65.11,BuildingA_Floor1,TypeA
1072,2025-04-06 07:05:50,30.64,34.38,BuildingB_Floor1,TypeB
1078,2025-04-07 15:24:22,23.67,66.54,BuildingA_Floor2,TypeB
1073,2025-04-04 22:00:27,29.91,71.75,BuildingB_Floor1,TypeC
1015,2025-04-06 02:27:00,18.8,65.12,BuildingB_Floor1,TypeB
1039,2025-04-08 00:23:20,34.51,70.03,BuildingA_Floor1,TypeA
1049,2025-04-04 00:42:29,23.09,37.84,BuildingB_Floor2,TypeC
1028,2025-04-08 07:18:22,23.43,56.85,BuildingA_Floor1,TypeB
1069,2025-04-05 00:24:21,30.89,48.73,BuildingA_Floor2,TypeA
1010,2025-04-06 19:24:31,27.59,34.5,BuildingB_Floor2,TypeC
1062,2025-04-07 12:45:19,33.53,32.94,BuildingA_Floor2,TypeB
1027,2025-04-07 20:51:00,18.62,71.12,BuildingB_Floor1,TypeC
1032,2025-04-04 02:51:55,25.21,36.41,BuildingB_Floor2,TypeA
1051,2025-04-06 17:46:31,26.26,75.55,BuildingB_Floor2,TypeB
1060,2025-04-08 18:30:31,29.98,41.34,BuildingB_Floor2,TypeC
1056,2025-04-07 08:03:07,21.42,59.64,BuildingB_Floor2,TypeA
1061,2025-04-06 01:10:05,27.21,41.52,BuildingA_Floor1,TypeB
1079,2025-04-06 23:58:46,19.97,74.51,BuildingA_Floor1,TypeC
1055,2025-04-05 17:59:50,28.65,51.92,BuildingA_Floor2,TypeB
1084,2025-04-06 05:14:25,27.4,75.75,BuildingB_Floor1,TypeA
1012,2025-04-08 03:35:51,30.72,61.52,BuildingB_Floor2,TypeB
1068,2025-04-04 01:34:34,29.76,30.73,BuildingB_Floor1,TypeA
1057,2025-04-05 06:16:41,26.42,67.43,BuildingB_Floor2,TypeA
1023,2025-04-08 13:06:21,29.69,48.15,BuildingB_Floor1,TypeB
1081,2025-04-07 16:43:30,27.25,35.79,BuildingB_Floor2,TypeC
1095,2025-04-04 12:06:54,19.88,63.89,BuildingA_Floor2,TypeB
1023,2025-04-08 22:22:34,17.0,41.14,BuildingA_Floor1,TypeA
1078,2025-04-06 07:50:28,30.34,66.6,BuildingB_Floor2,TypeC
1088,2025-04-08 12:25:38,30.01,49.7,BuildingA_Floor2,TypeC
1013,2025-04-07 02:44:01,22.17,54.19,BuildingA_Floor2,TypeA
1015,2025-04-04 11:20:27,30.0,55.23,BuildingB_Floor2,TypeB
1002,2025-04-08 16:37:22,33.04,50.01,BuildingA_Floor1,TypeB
1061,2025-04-08 10:24:44,26.89,42.65,BuildingA_Floor2,TypeC
1069,2025-04-06 10:42:45,28.27,38.96,BuildingB_Floor1,TypeC
1089,2025-04-04 09:24:45,15.42,74.73,BuildingA_Floor1,TypeC
1096,2025-04-08 19:16:05,23.29,66.53,BuildingB_Floor1,TypeA
1076,2025-04-05 08:12:15,28.55,65.98,BuildingB_Floor2,TypeA
1024,2025-04-07 05:47:45,22.55,51.52,BuildingA_Floor1,TypeA
1096,2025-04-05 13:04:07,32.59,59.6,BuildingB_Floor2,TypeC
1036,2025-04-08 19:04:33,23.88,36.56,BuildingB_Floor1,TypeB
1035,2025-04-04 21:20:24,22.83,78.22,BuildingB_Floor2,TypeB
1087,2025-04-06 05:07:58,32.9,39.91,BuildingB_Floor1,TypeB
1067,2025-04-04 13:07:04,23.34,69.81,BuildingA_Floor1,TypeC
1072,2025-04-07 09:55:34,31.2,31.17,BuildingB_Floor2,TypeB
1054,2025-04-07 01:40:44,16.52,56.96,BuildingB_Floor1,TypeC
1007,2025-04-07 00:43:45,30.58,56.82,BuildingB_Floor1,TypeB
1027,2025-04-06 11:11:53,15.24,37.45,BuildingB_Floor2,TypeC
1064,2025-04-06 00:34:12,27.61,36.46,BuildingB_Floor2,TypeB
1051,2025-04-04 04:33:32,25.08,60.56,BuildingA_Floor2,TypeA
1057,2025-04-07 12:06:47,24.31,32.5,BuildingB_Floor2,TypeA
1088,2025-04-06 16:59:10,29.08,78.55,BuildingB_Floor1,TypeC
1011,2025-04-06 23:44:56,28.92,45.08,BuildingA_Floor2,TypeB
1096,2025-04-07 01:51:05,25.0,70.38,BuildingA_Floor2,TypeC
1014,2025-04-04 03:28:15,19.63,30.05,BuildingB_Floor2,TypeA
1049,2025-04-06 20:11:43,32.55,36.01,BuildingB_Floor1,TypeA
1042,2025-04-07 04:47:24,18.58,69.74,BuildingB_Floor1,TypeC
1020,2025-04-04 11:29:21,24.88,73.65,BuildingB_Floor1,TypeC
1065,2025-04-04 21:33:10,15.57,49.73,BuildingA_Floor1,TypeA
1006,2025-04-04 19:55:12,31.03,47.21,BuildingA_Floor2,TypeB
1076,2025-04-04 07:40:33,30.33,31.15,BuildingA_Floor1,TypeA
1093,2025-04-06 23:04:08,31.67,52.15,BuildingB_Floor1,TypeC
1056,2025-04-08 13:01:23,20.77,78.77,BuildingB_Floor1,TypeC
1001,2025-04-06 19:18:03,23.02,43.43,BuildingA_Floor1,TypeB
1057,2025-04-08 18:35:21,26.03,38.95,BuildingA_Floor1,TypeB
1001,2025-04-06 14:31:35,24.42,58.78,BuildingB_Floor2,TypeC
1052,2025-04-08 19:45:47,31.68,61.83,BuildingB_Floor2,TypeC
1009,2025-04-06 14:18:16,19.63,58.91,BuildingA_Floor1,TypeC
1067,2025-04-07 12:51:34,18.59,65.57,BuildingA_Floor2,TypeB
1006,2025-04-07 08:09:38,30.14,72.12,BuildingB_Floor2,TypeA
1073,2025-04-06 18:30:27,19.73,48.55,BuildingA_Floor2,TypeC
1087,2025-04-04 21:24:17,17.77,40.5,BuildingB_Floor2,TypeA
1062,2025-04-05 10:25:50,16.07,76.48,BuildingB_Floor2,TypeB
1039,2025-04-05 17:10:05,27.8,35.57,BuildingA_Floor1,TypeA
1023,2025-04-07 04:50:59,27.16,62.38,BuildingB_Floor1,TypeC
1087,2025-04-08 06:14:53,19.84,66.76,BuildingB_Floor2,TypeC
1094,2025-04-06 11:54:05,15.62,77.26,BuildingB_Floor2,TypeA
1094,2025-04-08 07:14:13,20.34,73.65,BuildingA_Floor2,TypeC
1097,2025-04-08 06:26:35,30.55,55.48,BuildingA_Floor1,TypeA
1097,2025-04-08 02:17:25,24.18,30.94,BuildingB_Floor1,TypeC
1078,2025-04-04 16:27:26,24.23,32.99,BuildingB_Floor1,TypeC
1053,2025-04-05 14:30:17,15.18,54.72,BuildingA_Floor1,TypeB
1058,2025-04-05 14:10:04,25.6,32.65,BuildingB_Floor1,TypeB
1059,2025-04-07 21:11:04,25.08,40.47,BuildingA_Floor2,TypeA
1050,2025-04-06 17:49:25,29.68,44.32,BuildingA_Floor1,TypeA
1083,2025-04-06 12:31:52,30.18,72.51,BuildingB_Floor2,TypeA
1005,2025-04-06 11:58:39,33.89,47.58,BuildingA_Floor2,TypeB
1058,2025-04-07 18:16:31,18.02,58.32,BuildingB_Floor1,TypeB
1042,2025-04-04 16:55:38,15.58,64.26,BuildingB_Floor1,TypeA
1092,2025-04-07 17:21:45,34.6,72.26,BuildingB_Floor2,TypeA
1021,2025-04-07 17:06:29,24.55,52.98,BuildingA_Floor2,TypeA
1029,2025-04-06 11:38:40,29.24,71.58,BuildingA_Floor2,TypeC
1019,2025-04-05 08:33:50,29.54,58.78,BuildingB_Floor2,TypeB
1007,2025-04-04 09:52:36,17.33,57.92,BuildingA_Floor2,TypeA
1084,2025-04-06 00:25:00,24.3,34.42,BuildingA_Floor1,TypeB
1038,2025-04-08 04:31:39,28.24,57.77,BuildingB_Floor2,TypeA
1020,2025-04-04 13:52:48,34.07,76.55,BuildingA_Floor1,TypeB
1076,2025-04-04 13:06:33,27.91,58.37,BuildingB_Floor1,TypeB
1032,2025-04-05 21:34:02,23.93,35.6,BuildingB_Floor2,TypeC
1082,2025-04-05 21:19:15,26.67,78.15,BuildingB_Floor2,TypeB
1003,2025-04-08 09:56:05,28.58,53.39,BuildingA_Floor2,TypeA
1052,2025-04-07 19:25:21,19.19,70.33,BuildingB_Floor1,TypeA
1017,2025-04-06 05:42:37,19.66,68.0,BuildingA_Floor2,TypeA
1028,2025-04-08 21:12:36,21.72,52.22,BuildingB_Floor2,TypeC
1081,2025-04-07 19:45:25,17.61,61.1,BuildingB_Floor2,TypeC
1091,2025-04-08 18:34:44,17.57,75.78,BuildingB_Floor2,TypeC
1049,2025-04-07 07:03:43,32.76,35.88,BuildingA_Floor1,TypeA
1081,2025-04-06 22:50:06,32.54,45.74,BuildingB_Floor2,TypeA
1058,2025-04-08 06:20:29,23.21,35.81,BuildingA_Floor1,TypeB
1071,2025-04-07 04:42:12,23.95,40.7,BuildingB_Floor2,TypeC
1065,2025-04-04 20:09:32,21.96,78.61,BuildingA_Floor2,TypeB
1074,2025-04-04 23:16:49,19.27,72.42,BuildingA_Floor2,TypeA
1063,2025-04-04 14:01:04,25.27,77.93,BuildingB_Floor2,TypeA
1067,2025-04-04 05:10:18,19.95,30.28,BuildingA_Floor2,TypeB
1085,2025-04-04 21:55:58,25.77,69.18,BuildingB_Floor1,TypeA
1010,2025-04-06 20:34:25,23.29,67.06,BuildingA_Floor1,TypeA
1031,2025-04-08 10:34:52,17.86,50.86,BuildingB_Floor2,TypeC
1056,2025-04-07 01:53:40,32.33,53.24,BuildingB_Floor2,TypeB
1027,2025-04-08 17:36:10,33.99,38.28,BuildingB_Floor1,TypeA
1056,2025-04-05 03:12:16,33.14,55.4,BuildingB_Floor2,TypeB
1032,2025-04-04 20:46:16,31.61,41.06,BuildingB_Floor2,TypeA
1023,2025-04-05 03:13:54,28.36,31.33,BuildingB_Floor1,TypeB
1059,2025-04-06 21:15:41,21.46,49.3,BuildingB_Floor2,TypeA
1011,2025-04-04 07:58:40,28.68,46.26,BuildingB_Floor1,TypeB
1022,2025-04-07 06:37:41,15.74,65.93,BuildingA_Floor2,TypeB
1020,2025-04-06 22:00:10,31.06,53.33,BuildingB_Floor2,TypeB
1041,2025-04-08 05:56:23,21.41,58.97,BuildingA_Floor2,TypeB
1070,2025-04-08 11:26:00,22.79,33.1,BuildingA_Floor2,TypeA
1018,2025-04-07 02:14:53,20.53,78.7,BuildingA_Floor2,TypeC
1001,2025-04-04 22:10:32,19.92,63.56,BuildingB_Floor1,TypeB
1089,2025-04-04 20:44:31,32.15,64.18,BuildingA_Floor2,TypeA
1073,2025-04-07 18:36:48,25.29,70.86,BuildingA_Floor1,TypeC
1031,2025-04-07 08:51:35,33.97,33.71,BuildingB_Floor2,TypeC
1059,2025-04-04 06:12:39,18.17,45.65,BuildingA_Floor1,TypeB
1050,2025-04-08 20:17:18,34.29,52.12,BuildingA_Floor1,TypeA
1051,2025-04-04 20:28:21,24.14,61.96,BuildingB_Floor1,TypeA
1054,2025-04-05 13:57:24,18.43,50.41,BuildingA_Floor1,TypeB
1080,2025-04-08 10:09:53,30.2,72.64,BuildingB_Floor1,TypeB
1029,2025-04-07 04:52:34,22.07,37.74,BuildingA_Floor2,TypeC
1091,2025-04-03 23:50:19,16.71,39.72,BuildingB_Floor1,TypeB
1025,2025-04-06 08:52:29,18.31,67.98,BuildingA_Floor1,TypeB
1058,2025-04-05 06:24:21,24.24,70.86,BuildingB_Floor1,TypeB
1024,2025-04-05 23:23:15,27.25,67.02,BuildingA_Floor1,TypeA
1090,2025-04-05 01:26:39,26.15,71.61,BuildingB_Floor2,TypeB
1021,2025-04-04 07:13:45,30.69,71.76,BuildingA_Floor1,TypeA
1078,2025-04-05 10:08:12,17.65,48.92,BuildingA_Floor2,TypeC
1099,2025-04-07 11:04:11,33.15,60.09,BuildingA_Floor1,TypeA
1035,2025-04-05 01:16:51,31.72,49.93,BuildingA_Floor2,TypeA
1048,2025-04-06 22:14:44,34.36,69.1,BuildingB_Floor1,TypeA
1030,2025-04-04 20:12:28,31.26,33.2,BuildingA_Floor1,TypeA
1008,2025-04-08 14:49:04,34.08,68.61,BuildingA_Floor1,TypeB
1005,2025-04-05 07:19:34,27.39,53.77,BuildingB_Floor1,TypeA
1067,2025-04-07 22:51:04,24.25,61.09,BuildingB_Floor1,TypeB
1022,2025-04-07 18:21:14,23.57,70.55,BuildingA_Floor1,TypeB
1039,2025-04-05 15:29:06,21.89,61.78,BuildingB_Floor1,TypeB
1068,2025-04-08 19:55:05,16.02,47.47,BuildingB_Floor2,TypeA
1022,2025-04-04 14:36:45,33.87,31.23,BuildingA_Floor1,TypeB
1017,2025-04-05 08:37:04,28.59,55.8,BuildingB_Floor1,TypeA
1071,2025-04-05 20:25:31,31.05,48.76,BuildingB_Floor1,TypeB
1059,2025-04-04 07:58:50,31.72,40.34,BuildingB_Floor1,TypeA
1058,2025-04-04 16:50:26,29.36,76.25,BuildingB_Floor1,TypeC
1054,2025-04-06 17:53:21,15.76,58.33,BuildingB_Floor2,TypeB
1095,2025-04-05 19:42:45,28.0,55.32,BuildingB_Floor1,TypeC
1002,2025-04-05 15:09:40,28.06,36.88,BuildingA_Floor2,TypeB
1066,2025-04-04 03:24:38,32.74,40.04,BuildingA_Floor1,TypeA
1086,2025-04-05 13:46:00,32.71,46.25,BuildingA_Floor1,TypeC
1083,2025-04-04 09:12:38,29.24,76.41,BuildingA_Floor1,TypeA
1025,2025-04-06 17:23:35,15.02,59.24,BuildingB_Floor2,TypeB
1020,2025-04-07 11:55:56,32.63,33.34,BuildingB_Floor1,TypeC
1038,2025-04-06 11:12:37,34.59,71.37,BuildingB_Floor2,TypeA
1048,2025-04-04 22:07:14,24.04,76.36,BuildingA_Floor1,TypeB
1011,2025-04-05 02:53:30,15.61,52.96,BuildingB_Floor1,TypeB
1085,2025-04-07 06:34:18,24.33,36.86,BuildingA_Floor2,TypeA
1042,2025-04-04 19:08:29,28.03,57.55,BuildingB_Floor2,TypeA
1061,2025-04-07 21:01:46,22.18,45.98,BuildingA_Floor2,TypeA
1001,2025-04-08 03:40:38,30.64,59.23,BuildingB_Floor1,TypeA
1054,2025-04-04 11:40:18,24.91,61.75,BuildingB_Floor2,TypeC
1014,2025-04-07 00:16:42,18.55,75.0,BuildingB_Floor2,TypeA
1007,2025-04-08 07:25:02,29.9,51.23,BuildingB_Floor2,TypeA
1031,2025-04-07 15:12:28,16.85,58.77,BuildingB_Floor1,TypeB
1019,2025-04-05 20:25:55,22.82,43.82,BuildingB_Floor1,TypeC
1028,2025-04-06 10:53:11,28.71,74.16,BuildingA_Floor2,TypeB
1020,2025-04-08 17:06:25,23.62,46.21,BuildingB_Floor2,TypeA
1062,2025-04-06 02:47:10,15.06,60.89,BuildingA_Floor1,TypeC
1082,2025-04-07 16:36:53,17.46,49.27,BuildingB_Floor1,TypeA
1044,2025-04-04 03:37:41,22.51,38.35,BuildingB_Floor2,TypeA
1051,2025-04-06 19:29:51,27.14,46.09,BuildingA_Floor2,TypeC
1060,2025-04-08 09:40:09,15.15,57.49,BuildingA_Floor2,TypeA
1087,2025-04-06 18:00:59,34.95,31.33,BuildingA_Floor1,TypeB
1033,2025-04-08 09:41:25,18.38,70.28,BuildingA_Floor1,TypeA
1083,2025-04-04 17:05:22,29.5,62.65,BuildingA_Floor1,TypeC
1023,2025-04-06 01:49:33,28.55,46.93,BuildingA_Floor1,TypeB
1005,2025-04-05 15:20:02,21.64,58.56,BuildingB_Floor1,TypeB
1003,2025-04-05 16:25:42,28.43,77.03,BuildingB_Floor1,TypeC
1098,2025-04-06 02:39:16,18.86,38.92,BuildingB_Floor2,TypeA
1004,2025-04-06 00:49:26,33.32,55.51,BuildingB_Floor1,TypeB
1095,2025-04-07 23:07:08,33.77,71.25,BuildingA_Floor1,TypeB
1073,2025-04-05 05:56:03,32.88,76.6,BuildingB_Floor1,TypeC
1019,2025-04-05 19:02:52,31.22,48.57,BuildingA_Floor1,TypeC
1016,2025-04-04 16:44:43,23.32,63.4,BuildingB_Floor1,TypeA
1095,2025-04-05 01:11:22,31.16,71.16,BuildingA_Floor2,TypeB
1017,2025-04-07 14:45:57,21.95,75.93,BuildingA_Floor2,TypeB
1080,2025-04-06 07:03:26,32.95,43.04,BuildingB_Floor1,TypeB
1010,2025-04-06 21:19:03,17.86,59.12,BuildingB_Floor1,TypeB
1004,2025-04-05 04:20:41,27.68,54.7,BuildingA_Floor2,TypeB
1036,2025-04-05 09:42:05,19.31,36.72,BuildingB_Floor2,TypeB
1033,2025-04-04 20:32:37,29.21,52.47,BuildingB_Floor1,TypeA
1018,2025-04-06 04:18:31,23.64,66.53,BuildingA_Floor1,TypeB
1062,2025-04-08 01:14:15,19.58,47.2,BuildingA_Floor1,TypeA
1049,2025-04-05 00:35:04,32.74,48.13,BuildingA_Floor1,TypeA
1037,2025-04-07 11:35:28,31.16,34.23,BuildingA_Floor2,TypeC
1059,2025-04-07 17:12:21,28.85,65.4,BuildingA_Floor2,TypeC
1082,2025-04-07 11:21:14,17.17,38.82,BuildingB_Floor2,TypeB
1031,2025-04-05 01:28:01,25.96,68.91,BuildingA_Floor1,TypeC
1036,2025-04-08 18:19:58,28.35,40.35,BuildingB_Floor1,TypeA
1001,2025-04-06 11:00:55,32.12,70.93,BuildingA_Floor1,TypeA
1009,2025-04-07 10:04:44,27.13,57.18,BuildingB_Floor2,TypeA
1066,2025-04-07 15:19:39,27.76,37.63,BuildingB_Floor1,TypeA
1000,2025-04-07 10:14:05,32.89,42.69,BuildingB_Floor1,TypeC
1080,2025-04-05 20:30:45,27.13,31.87,BuildingA_Floor1,TypeB
1044,2025-04-05 13:11:57,21.92,75.13,BuildingB_Floor1,TypeA
1052,2025-04-07 16:40:02,22.75,64.89,BuildingB_Floor2,TypeA
1081,2025-04-08 18:17:40,28.93,39.25,BuildingA_Floor1,TypeA
1010,2025-04-06 19:14:28,15.8,60.64,BuildingB_Floor1,TypeC
1099,2025-04-04 16:30:42,24.19,68.5,BuildingB_Floor1,TypeC
1068,2025-04-07 13:01:51,31.97,68.59,BuildingB_Floor1,TypeB
1008,2025-04-04 08:05:54,29.3,51.19,BuildingA_Floor2,TypeC
1069,2025-04-06 08:16:41,27.93,44.82,BuildingB_Floor2,TypeA
1090,2025-04-05 04:41:14,34.13,64.6,BuildingB_Floor2,TypeB
1032,2025-04-05 17:54:11,15.68,55.46,BuildingA_Floor2,TypeB
1066,2025-04-04 15:38:26,32.1,63.72,BuildingB_Floor1,TypeC
1056,2025-04-08 16:22:43,26.11,49.34,BuildingB_Floor1,TypeC
1018,2025-04-05 05:57:38,22.6,69.23,BuildingB_Floor2,TypeB
1059,2025-04-04 04:17:33,21.79,70.06,BuildingB_Floor2,TypeB
1092,2025-04-04 05:24:45,20.67,69.61,BuildingB_Floor2,TypeC
1062,2025-04-07 07:51:49,23.4,49.06,BuildingB_Floor2,TypeB
1046,2025-04-04 04:18:42,15.19,36.01,BuildingB_Floor2,TypeB
1062,2025-04-07 10:07:36,19.99,70.13,BuildingB_Floor1,TypeA
1032,2025-04-07 05:49:07,24.36,36.63,BuildingB_Floor2,TypeB
1027,2025-04-06 19:27:41,26.56,41.37,BuildingB_Floor1,TypeC
1019,2025-04-06 21:05:48,22.49,33.23,BuildingA_Floor2,TypeC
1000,2025-04-04 03:10:30,30.97,73.87,BuildingB_Floor2,TypeC
1035,2025-04-05 03:56:52,28.22,62.45,BuildingA_Floor1,TypeA
1057,2025-04-06 18:02:22,23.33,71.07,BuildingA_Floor1,TypeA
1013,2025-04-04 04:10:50,20.06,41.65,BuildingA_Floor1,TypeA
1014,2025-04-04 18:56:06,20.5,33.05,BuildingA_Floor1,TypeA
1028,2025-04-05 12:31:48,24.88,40.82,BuildingB_Floor2,TypeB
1012,2025-04-05 19:51:31,30.08,48.85,BuildingB_Floor1,TypeC
1026,2025-04-07 15:13:50,26.81,51.16,BuildingB_Floor1,TypeB
1009,2025-04-04 11:01:16,23.16,55.2,BuildingB_Floor1,TypeB
1068,2025-04-05 22:09:03,15.39,50.19,BuildingA_Floor2,TypeB
1039,2025-04-04 18:01:41,29.59,37.02,BuildingB_Floor1,TypeA
1086,2025-04-07 01:35:35,32.2,42.63,BuildingA_Floor1,TypeA
1032,2025-04-06 16:07:12,21.29,65.22,BuildingA_Floor2,TypeA
1071,2025-04-06 14:12:33,15.29,51.44,BuildingA_Floor1,TypeC
1092,2025-04-04 19:06:09,17.37,55.2,BuildingA_Floor1,TypeA
1079,2025-04-05 20:09:54,17.83,35.18,BuildingA_Floor2,TypeC
1011,2025-04-07 19:12:36,25.0,38.33,BuildingB_Floor1,TypeA
1051,2025-04-04 08:59:24,26.56,59.07,BuildingB_Floor1,TypeB
1096,2025-04-08 21:30:45,24.08,74.35,BuildingB_Floor2,TypeC
1012,2025-04-05 02:32:27,33.07,73.57,BuildingA_Floor2,TypeB
1011,2025-04-07 11:43:37,26.51,42.41,BuildingA_Floor2,TypeA
1076,2025-04-06 00:03:31,18.47,59.48,BuildingA_Floor2,TypeC
1013,2025-04-07 04:15:53,22.36,60.42,BuildingA_Floor2,TypeB
1053,2025-04-05 21:35:19,32.54,59.23,BuildingA_Floor1,TypeB
1008,2025-04-06 12:50:38,21.65,48.12,BuildingB_Floor2,TypeA
1084,2025-04-05 13:26:15,33.19,71.37,BuildingB_Floor1,TypeB
1067,2025-04-04 11:41:21,16.95,35.73,BuildingA_Floor2,TypeB
1026,2025-04-05 23:42:06,25.03,61.26,BuildingB_Floor1,TypeA
1022,2025-04-04 00:50:02,21.19,43.38,BuildingA_Floor1,TypeB
1024,2025-04-06 21:59:30,25.94,57.24,BuildingA_Floor1,TypeB
1063,2025-04-06 06:49:30,34.97,75.7,BuildingB_Floor1,TypeA
1078,2025-04-08 03:26:08,29.28,67.33,BuildingB_Floor1,TypeC
1097,2025-04-06 21:54:55,23.87,33.74,BuildingA_Floor1,TypeC
1074,2025-04-08 06:44:20,17.86,71.53,BuildingA_Floor1,TypeC
1053,2025-04-05 04:49:11,33.31,72.27,BuildingA_Floor2,TypeA
1097,2025-04-05 22:31:25,29.97,66.69,BuildingA_Floor1,TypeB
1031,2025-04-05 20:32:00,15.96,57.39,BuildingB_Floor2,TypeA
1023,2025-04-07 20:03:53,27.44,34.94,BuildingB_Floor1,TypeB
1002,2025-04-07 17:25:52,23.54,50.39,BuildingB_Floor2,TypeB
1072,2025-04-04 18:32:28,32.65,67.18,BuildingB_Floor1,TypeB
1018,2025-04-07 17:28:26,24.69,66.33,BuildingA_Floor1,TypeA
1098,2025-04-04 20:12:32,28.15,39.74,BuildingA_Floor1,TypeA
1049,2025-04-07 22:24:48,31.22,52.14,BuildingA_Floor1,TypeB
1001,2025-04-04 18:57:14,29.82,50.12,BuildingB_Floor1,TypeA
1100,2025-04-07 04:33:47,16.99,67.05,BuildingA_Floor1,TypeA
1068,2025-04-04 14:53:55,31.41,57.01,BuildingB_Floor2,TypeB
1000,2025-04-08 15:11:57,32.02,35.83,BuildingB_Floor1,TypeC
1011,2025-04-06 04:53:05,23.79,46.14,BuildingB_Floor1,TypeB
1009,2025-04-08 15:09:38,27.43,78.96,BuildingA_Floor1,TypeC
1024,2025-04-08 00:10:12,21.35,67.71,BuildingB_Floor2,TypeB
1090,2025-04-06 21:03:21,23.15,49.95,BuildingB_Floor1,TypeC
1089,2025-04-08 03:10:06,18.5,31.51,BuildingB_Floor1,TypeC
1011,2025-04-04 09:38:13,31.57,70.43,BuildingA_Floor2,TypeA
1009,2025-04-06 16:41:50,25.22,79.79,BuildingA_Floor2,TypeB
1054,2025-04-08 21:34:15,23.28,65.96,BuildingB_Floor2,TypeC
1025,2025-04-04 11:35:13,16.05,61.64,BuildingB_Floor1,TypeC
1058,2025-04-07 13:04:53,29.13,64.3,BuildingA_Floor1,TypeA
1006,2025-04-05 06:34:10,21.18,77.14,BuildingB_Floor1,TypeC
1019,2025-04-05 20:38:59,32.12,49.97,BuildingA_Floor1,TypeB
1018,2025-04-05 00:50:51,25.53,54.48,BuildingA_Floor2,TypeC
1062,2025-04-08 06:06:13,15.43,60.48,BuildingB_Floor1,TypeA
1019,2025-04-08 00:18:03,16.55,55.55,BuildingA_Floor1,TypeB
1083,2025-04-06 15:48:00,23.12,44.83,BuildingA_Floor2,TypeC
1019,2025-04-05 15:26:58,18.18,39.59,BuildingB_Floor1,TypeA
1037,2025-04-07 02:26:46,25.14,66.13,BuildingB_Floor2,TypeA
1050,2025-04-07 08:14:12,28.17,76.44,BuildingA_Floor1,TypeA
1059,2025-04-04 17:47:28,21.1,73.66,BuildingA_Floor2,TypeB
1089,2025-04-08 10:03:36,23.33,32.46,BuildingA_Floor2,TypeA
1072,2025-04-05 09:12:25,24.03,30.21,BuildingB_Floor2,TypeB
1059,2025-04-08 15:15:47,17.36,36.48,BuildingA_Floor2,TypeC
1053,2025-04-05 21:14:25,27.63,52.32,BuildingA_Floor1,TypeC
1018,2025-04-07 16:27:13,30.64,60.43,BuildingB_Floor2,TypeA
1069,2025-04-05 08:54:05,25.7,47.25,BuildingA_Floor1,TypeA
1005,2025-04-06 04:12:14,23.34,63.79,BuildingA_Floor2,TypeA
1045,2025-04-07 17:46:49,27.18,45.63,BuildingB_Floor1,TypeB
1069,2025-04-05 05:06:53,32.86,79.71,BuildingB_Floor2,TypeA
1057,2025-04-05 23:08:01,32.71,54.66,BuildingB_Floor2,TypeB
1018,2025-04-05 17:23:43,29.2,78.9,BuildingA_Floor2,TypeC
1074,2025-04-05 12:26:39,28.13,63.89,BuildingB_Floor2,TypeC
1055,2025-04-06 16:59:08,30.59,76.29,BuildingA_Floor1,TypeA
1059,2025-04-04 21:14:40,19.15,59.38,BuildingB_Floor1,TypeB
1074,2025-04-07 21:40:49,26.3,70.2,BuildingB_Floor1,TypeB
1011,2025-04-08 22:39:57,20.11,77.38,BuildingB_Floor1,TypeB
1062,2025-04-04 19:30:25,19.04,49.94,BuildingB_Floor1,TypeB
1088,2025-04-06 21:38:01,20.76,33.58,BuildingB_Floor1,TypeC
1022,2025-04-06 21:48:14,23.92,77.09,BuildingA_Floor1,TypeC
1013,2025-04-04 05:24:56,25.35,70.69,BuildingB_Floor2,TypeA
1002,2025-04-08 16:35:13,25.94,71.25,BuildingB_Floor1,TypeB
1033,2025-04-05 15:06:10,22.18,36.36,BuildingB_Floor2,TypeC
1006,2025-04-06 04:39:49,17.03,39.58,BuildingA_Floor1,TypeC
1050,2025-04-06 00:21:49,24.73,64.7,BuildingB_Floor2,TypeB
1035,2025-04-05 00:18:41,26.54,56.82,BuildingA_Floor2,TypeB
1049,2025-04-08 05:05:08,27.58,51.11,BuildingB_Floor1,TypeB
1000,2025-04-04 19:02:07,25.89,50.46,BuildingB_Floor1,TypeC
1093,2025-04-05 18:56:46,17.32,32.02,BuildingB_Floor2,TypeC
1081,2025-04-07 01:27:30,26.63,63.5,BuildingB_Floor2,TypeC
1013,2025-04-04 16:15:51,18.92,41.21,BuildingA_Floor1,TypeC
1048,2025-04-08 22:52:16,33.13,69.97,BuildingA_Floor2,TypeC
1016,2025-04-08 05:57:10,25.75,59.16,BuildingA_Floor2,TypeC
1079,2025-04-04 23:06:25,23.14,50.94,BuildingB_Floor2,TypeA
1022,2025-04-08 21:16:29,23.22,61.78,BuildingB_Floor2,TypeC
1031,2025-04-05 03:34:11,21.07,56.43,BuildingB_Floor2,TypeA
1070,2025-04-05 01:53:32,25.63,55.88,BuildingA_Floor2,TypeC
1050,2025-04-06 20:46:52,32.52,40.69,BuildingB_Floor1,TypeC
1001,2025-04-08 14:02:10,25.79,59.25,BuildingB_Floor2,TypeC
1073,2025-04-06 02:49:07,16.89,47.38,BuildingB_Floor1,TypeB
1023,2025-04-05 02:42:08,23.15,63.52,BuildingB_Floor1,TypeB
1029,2025-04-06 17:14:17,22.25,53.32,BuildingB_Floor1,TypeC
1047,2025-04-06 03:33:07,30.08,75.16,BuildingA_Floor1,TypeC
1004,2025-04-05 23:45:05,25.44,37.07,BuildingA_Floor1,TypeA
1027,2025-04-08 15:00:09,19.98,73.0,BuildingB_Floor1,TypeB
1096,2025-04-07 15:49:14,22.56,48.62,BuildingB_Floor1,TypeC
1036,2025-04-06 02:18:03,23.69,30.92,BuildingA_Floor1,TypeB
1014,2025-04-04 04:46:14,30.61,49.74,BuildingB_Floor1,TypeC
1031,2025-04-04 07:37:56,30.5,43.01,BuildingB_Floor2,TypeA
1032,2025-04-04 21:51:30,16.87,66.8,BuildingA_Floor2,TypeB
1035,2025-04-07 05:30:11,16.84,62.11,BuildingB_Floor1,TypeA
1059,2025-04-04 15:22:50,24.8,74.38,BuildingB_Floor2,TypeC
1081,2025-04-04 15:35:39,17.19,49.43,BuildingB_Floor2,TypeC
1097,2025-04-06 07:32:20,16.41,66.95,BuildingB_Floor2,TypeC
1031,2025-04-08 22:14:44,26.04,56.36,BuildingB_Floor2,TypeA
1027,2025-04-08 05:05:43,32.24,36.58,BuildingA_Floor2,TypeA
1059,2025-04-07 13:05:55,19.12,70.02,BuildingA_Floor2,TypeA
1099,2025-04-08 09:46:52,23.52,39.9,BuildingB_Floor2,TypeA
1035,2025-04-07 22:34:41,32.42,62.95,BuildingB_Floor2,TypeB
1023,2025-04-06 04:57:55,20.84,63.81,BuildingB_Floor1,TypeB
1002,2025-04-04 12:20:24,34.28,43.88,BuildingB_Floor2,TypeC
1037,2025-04-05 14:58:02,21.69,39.04,BuildingA_Floor2,TypeB
1072,2025-04-08 11:51:42,16.34,72.06,BuildingA_Floor2,TypeB
1021,2025-04-08 05:36:11,17.02,74.3,BuildingB_Floor1,TypeA
1017,2025-04-05 17:14:02,21.67,74.62,BuildingB_Floor1,TypeA
1065,2025-04-08 21:49:52,31.33,63.65,BuildingB_Floor1,TypeA
1057,2025-04-05 23:22:33,21.95,31.61,BuildingB_Floor2,TypeC
1081,2025-04-04 08:11:10,15.24,38.51,BuildingB_Floor2,TypeA
1027,2025-04-07 02:54:55,31.75,78.83,BuildingB_Floor1,TypeB
1004,2025-04-08 12:04:24,19.49,39.85,BuildingA_Floor2,TypeA
1067,2025-04-07 09:40:20,34.52,60.54,BuildingB_Floor2,TypeC
1032,2025-04-05 04:26:34,16.11,36.89,BuildingB_Floor1,TypeC
1093,2025-04-07 18:04:10,24.2,55.65,BuildingA_Floor2,TypeB
1027,2025-04-07 07:16:18,34.59,71.34,BuildingA_Floor1,TypeB
1036,2025-04-06 22:11:57,29.88,64.66,BuildingB_Floor1,TypeC
1039,2025-04-04 13:04:19,25.01,65.26,BuildingA_Floor1,TypeB
1062,2025-04-08 08:01:23,16.17,79.91,BuildingB_Floor1,TypeB
1077,2025-04-04 12:44:07,15.16,79.85,BuildingA_Floor1,TypeB
1024,2025-04-04 11:55:59,30.93,30.9,BuildingB_Floor2,TypeB
1020,2025-04-05 20:14:26,18.23,39.86,BuildingA_Floor1,TypeC
1054,2025-04-06 19:27:24,29.17,61.47,BuildingA_Floor2,TypeB
1001,2025-04-04 09:52:32,18.84,39.95,BuildingA_Floor1,TypeC
1045,2025-04-08 10:24:18,26.46,49.67,BuildingA_Floor1,TypeB
1047,2025-04-06 22:42:23,28.77,54.58,BuildingB_Floor2,TypeA
1086,2025-04-07 14:03:56,31.7,38.57,BuildingA_Floor2,TypeA
1063,2025-04-04 13:22:06,26.41,51.78,BuildingB_Floor2,TypeA
1097,2025-04-06 00:07:20,22.01,56.35,BuildingB_Floor2,TypeA
1000,2025-04-07 00:43:47,34.06,48.46,BuildingA_Floor2,TypeA
1078,2025-04-06 19:19:14,23.21,60.4,BuildingB_Floor2,TypeB
1076,2025-04-08 09:59:05,29.92,32.57,BuildingA_Floor1,TypeB
1012,2025-04-06 12:26:49,29.79,63.14,BuildingA_Floor2,TypeB
1065,2025-04-07 18:53:59,15.37,79.27,BuildingA_Floor1,TypeA
1035,2025-04-08 11:57:22,18.74,30.36,BuildingB_Floor1,TypeB
1022,2025-04-08 18:14:40,22.67,58.0,BuildingB_Floor1,TypeC
1083,2025-04-06 22:31:15,27.69,60.16,BuildingA_Floor1,TypeB
1062,2025-04-04 18:23:25,34.45,71.71,BuildingB_Floor2,TypeB
1051,2025-04-07 15:54:24,18.21,42.05,BuildingA_Floor2,TypeB
1077,2025-04-08 03:40:05,22.87,49.78,BuildingA_Floor2,TypeB
1065,2025-04-08 03:26:10,24.89,35.48,BuildingB_Floor1,TypeC
1016,2025-04-08 21:30:43,32.63,48.46,BuildingB_Floor1,TypeC
1097,2025-04-05 04:10:27,23.73,60.86,BuildingB_Floor2,TypeA
1021,2025-04-06 20:44:16,25.31,68.66,BuildingA_Floor1,TypeA
1012,2025-04-05 02:18:42,32.35,53.61,BuildingA_Floor2,TypeC
1029,2025-04-05 02:20:49,34.37,78.35,BuildingA_Floor1,TypeB
1070,2025-04-06 21:13:16,32.33,58.56,BuildingA_Floor2,TypeA
1078,2025-04-04 03:02:30,28.97,76.28,BuildingA_Floor1,TypeB
1051,2025-04-08 20:09:25,33.27,60.5,BuildingB_Floor2,TypeB
1055,2025-04-04 05:28:22,17.52,71.88,BuildingB_Floor1,TypeC
1015,2025-04-07 11:39:46,32.04,42.82,BuildingB_Floor2,TypeA
1014,2025-04-05 14:06:25,21.98,34.37,BuildingB_Floor1,TypeA
1097,2025-04-06 04:47:14,28.16,55.57,BuildingB_Floor2,TypeB
1056,2025-04-07 17:06:32,27.44,59.15,BuildingA_Floor2,TypeC
1021,2025-04-07 09:17:51,22.41,65.49,BuildingB_Floor1,TypeB
1056,2025-04-04 23:17:49,34.11,78.67,BuildingA_Floor1,TypeC
1069,2025-04-04 14:27:47,29.1,34.17,BuildingB_Floor2,TypeB
1054,2025-04-05 14:12:12,25.02,36.97,BuildingA_Floor2,TypeC
1020,2025-04-04 11:20:36,34.2,73.33,BuildingA_Floor1,TypeB
1004,2025-04-06 19:16:08,31.34,60.64,BuildingB_Floor2,TypeA
1027,2025-04-08 14:48:36,21.05,53.3,BuildingA_Floor1,TypeC
1024,2025-04-06 11:44:52,30.93,34.87,BuildingA_Floor1,TypeB
1039,2025-04-06 01:36:42,17.52,44.01,BuildingA_Floor1,TypeC
1051,2025-04-05 20:21:44,18.39,71.92,BuildingB_Floor1,TypeB
1087,2025-04-07 20:56:33,32.96,75.92,BuildingB_Floor2,TypeA
1061,2025-04-04 22:12:40,27.49,55.12,BuildingB_Floor2,TypeC
1065,2025-04-08 16:55:53,32.42,75.67,BuildingB_Floor1,TypeB
1025,2025-04-03 23:59:29,28.88,52.61,BuildingB_Floor1,TypeB
1086,2025-04-08 12:01:26,34.41,73.43,BuildingB_Floor1,TypeC
1020,2025-04-05 18:29:57,28.53,34.03,BuildingB_Floor2,TypeA
1056,2025-04-04 22:46:43,20.98,36.36,BuildingA_Floor2,TypeA
1076,2025-04-05 16:57:57,26.5,52.49,BuildingA_Floor1,TypeB
1007,2025-04-06 11:54:01,24.77,79.29,BuildingB_Floor1,TypeB
1061,2025-04-05 16:11:41,33.18,72.23,BuildingA_Floor1,TypeB
1037,2025-04-04 07:50:02,28.42,36.11,BuildingA_Floor2,TypeC
1018,2025-04-04 21:15:47,23.41,39.1,BuildingA_Floor1,TypeB
1096,2025-04-05 15:38:59,27.02,40.81,BuildingB_Floor1,TypeA
1039,2025-04-05 21:20:47,24.16,54.43,BuildingB_Floor1,TypeC
1100,2025-04-08 00:12:13,20.95,42.16,BuildingB_Floor1,TypeB
1049,2025-04-04 16:00:46,20.1,64.82,BuildingB_Floor2,TypeC
1043,2025-04-07 20:53:45,29.61,71.06,BuildingA_Floor1,TypeA
1082,2025-04-05 12:41:16,18.87,33.2,BuildingB_Floor2,TypeC
1090,2025-04-05 15:00:36,23.98,51.21,BuildingA_Floor1,TypeB
1052,2025-04-05 06:32:50,16.22,59.13,BuildingA_Floor1,TypeC
1098,2025-04-08 14:50:59,20.24,30.8,BuildingB_Floor1,TypeB
1018,2025-04-06 08:52:19,25.68,48.73,BuildingA_Floor2,TypeA
1061,2025-04-07 23:07:25,26.81,47.76,BuildingA_Floor1,TypeC
1075,2025-04-05 09:59:07,20.56,76.44,BuildingB_Floor2,TypeB
1076,2025-04-06 09:34:20,20.68,57.08,BuildingA_Floor2,TypeB
1036,2025-04-03 23:24:56,29.5,65.08,BuildingB_Floor1,TypeC
1002,2025-04-07 06:35:04,17.41,44.04,BuildingB_Floor2,TypeA
1098,2025-04-06 08:50:15,31.48,68.51,BuildingB_Floor1,TypeB
1088,2025-04-07 23:26:12,17.66,71.14,BuildingB_Floor1,TypeA
1015,2025-04-04 03:29:53,21.84,73.75,BuildingA_Floor2,TypeB
1072,2025-04-07 12:58:29,28.14,70.63,BuildingA_Floor2,TypeA
1025,2025-04-04 04:33:26,20.67,75.48,BuildingB_Floor1,TypeC
1005,2025-04-07 18:37:51,19.1,74.57,BuildingB_Floor1,TypeB
1079,2025-04-04 02:55:25,31.06,32.23,BuildingA_Floor2,TypeA
1057,2025-04-05 09:50:23,30.43,33.51,BuildingB_Floor1,TypeA
1089,2025-04-05 18:50:26,22.3,77.58,BuildingB_Floor2,TypeB
1010,2025-04-04 22:50:15,28.47,76.32,BuildingA_Floor1,TypeA
1015,2025-04-06 23:11:58,30.19,32.29,BuildingB_Floor1,TypeB
1078,2025-04-07 05:52:55,20.99,71.43,BuildingB_Floor2,TypeC
1083,2025-04-04 08:32:29,23.53,54.87,BuildingB_Floor2,TypeB
1088,2025-04-07 17:53:42,19.76,67.55,BuildingB_Floor1,TypeC
1005,2025-04-05 17:52:06,30.61,36.96,BuildingA_Floor1,TypeC
1018,2025-04-05 15:16:33,16.72,43.63,BuildingA_Floor2,TypeC
1021,2025-04-07 04:46:04,33.87,74.27,BuildingA_Floor2,TypeC
1012,2025-04-08 21:47:26,26.56,42.76,BuildingA_Floor2,TypeB
1051,2025-04-04 22:29:17,29.93,46.43,BuildingA_Floor2,TypeB
1061,2025-04-05 14:27:29,25.08,55.68,BuildingB_Floor1,TypeC
1051,2025-04-06 10:55:29,22.93,44.88,BuildingA_Floor2,TypeA
1064,2025-04-05 01:36:12,26.06,56.92,BuildingB_Floor2,TypeC
1008,2025-04-07 01:16:14,27.97,70.45,BuildingA_Floor2,TypeA
1083,2025-04-07 14:55:21,30.9,67.51,BuildingB_Floor2,TypeA
1045,2025-04-05 23:24:50,28.87,67.75,BuildingA_Floor2,TypeC
1016,2025-04-07 00:29:26,28.26,61.75,BuildingA_Floor1,TypeC
1001,2025-04-08 15:53:25,26.39,65.34,BuildingA_Floor1,TypeA
1018,2025-04-08 06:10:12,23.94,66.2,BuildingA_Floor1,TypeA
1012,2025-04-06 17:23:36,17.71,66.39,BuildingA_Floor2,TypeB
1010,2025-04-06 17:14:25,27.6,66.02,BuildingB_Floor2,TypeC
1001,2025-04-05 17:22:34,33.09,58.82,BuildingB_Floor2,TypeC
1034,2025-04-07 12:01:31,25.21,49.0,BuildingB_Floor2,TypeC
1035,2025-04-05 09:07:41,30.81,68.27,BuildingA_Floor2,TypeA
1029,2025-04-07 03:04:54,31.01,38.88,BuildingB_Floor1,TypeB
1057,2025-04-05 16:25:31,20.2,49.18,BuildingB_Floor1,TypeC
1012,2025-04-07 11:53:30,28.57,30.73,BuildingB_Floor1,TypeC
1014,2025-04-07 21:28:02,21.6,47.98,BuildingA_Floor1,TypeB
1043,2025-04-06 21:52:08,16.7,73.98,BuildingA_Floor1,TypeA
1064,2025-04-04 12:05:04,19.56,75.1,BuildingB_Floor1,TypeA
1043,2025-04-07 05:15:22,19.84,59.02,BuildingA_Floor2,TypeB
1022,2025-04-07 12:43:51,23.55,38.66,BuildingB_Floor2,TypeB
1014,2025-04-08 16:18:43,23.43,75.8,BuildingB_Floor2,TypeB
1011,2025-04-05 12:19:25,25.24,74.49,BuildingA_Floor2,TypeA
1065,2025-04-04 04:16:23,18.21,52.27,BuildingB_Floor1,TypeB
1007,2025-04-05 17:17:55,15.58,77.85,BuildingA_Floor1,TypeB
1091,2025-04-07 23:28:18,34.71,74.67,BuildingB_Floor2,TypeB
1039,2025-04-04 20:07:37,20.25,36.24,BuildingA_Floor1,TypeC
1096,2025-04-05 06:04:07,29.52,63.17,BuildingA_Floor2,TypeB
1082,2025-04-05 13:24:17,31.57,72.52,BuildingA_Floor1,TypeA
1011,2025-04-06 04:34:01,19.15,40.71,BuildingB_Floor2,TypeC
1038,2025-04-07 10:51:38,20.58,41.01,BuildingA_Floor2,TypeA
1020,2025-04-06 00:27:58,32.62,37.59,BuildingB_Floor1,TypeC
1027,2025-04-05 00:44:24,22.54,39.98,BuildingB_Floor2,TypeC
1048,2025-04-04 14:12:10,24.58,76.26,BuildingB_Floor2,TypeA
1032,2025-04-05 08:46:29,32.06,59.7,BuildingA_Floor1,TypeA
1038,2025-04-05 11:46:53,23.44,47.54,BuildingB_Floor2,TypeB
1023,2025-04-04 22:48:49,20.62,38.04,BuildingA_Floor1,TypeA
1030,2025-04-05 05:09:41,22.93,75.27,BuildingB_Floor2,TypeA
1008,2025-04-07 18:02:24,31.94,52.24,BuildingB_Floor1,TypeA
1058,2025-04-06 12:01:35,29.33,77.16,BuildingB_Floor1,TypeB
1028,2025-04-04 23:19:31,27.31,32.11,BuildingB_Floor2,TypeC
1091,2025-04-04 10:26:04,29.89,43.74,BuildingA_Floor2,TypeA
1034,2025-04-05 08:11:40,16.51,73.41,BuildingA_Floor2,TypeA
1004,2025-04-06 11:38:53,22.83,77.97,BuildingB_Floor2,TypeB
1020,2025-04-06 05:33:35,30.08,71.32,BuildingA_Floor1,TypeB
1046,2025-04-06 10:56:07,24.99,54.12,BuildingB_Floor1,TypeB
1094,2025-04-06 21:59:22,33.9,53.04,BuildingA_Floor2,TypeB
1012,2025-04-05 19:22:58,33.03,78.81,BuildingB_Floor2,TypeA
1073,2025-04-04 05:54:12,17.55,65.46,BuildingA_Floor1,TypeA
1028,2025-04-07 07:13:37,34.49,30.85,BuildingB_Floor1,TypeB
1099,2025-04-07 09:03:13,31.37,50.03,BuildingB_Floor2,TypeC
1036,2025-04-08 22:13:30,16.46,50.41,BuildingB_Floor2,TypeB
1004,2025-04-06 23:54:36,28.29,74.93,BuildingB_Floor1,TypeA
1007,2025-04-04 08:35:47,16.18,57.81,BuildingA_Floor1,TypeB
1057,2025-04-04 19:07:28,22.88,46.92,BuildingA_Floor1,TypeB
1084,2025-04-05 15:20:30,22.28,48.36,BuildingB_Floor1,TypeA
1040,2025-04-04 06:06:29,17.17,77.25,BuildingB_Floor2,TypeB
1037,2025-04-08 16:22:16,20.97,41.55,BuildingB_Floor1,TypeB
1053,2025-04-06 18:44:44,22.3,64.85,BuildingB_Floor1,TypeA
1038,2025-04-06 18:27:11,29.13,32.05,BuildingB_Floor1,TypeB
1044,2025-04-06 22:09:24,34.77,74.78,BuildingA_Floor2,TypeC
1094,2025-04-05 04:08:23,17.94,49.34,BuildingA_Floor1,TypeB
1009,2025-04-07 02:00:58,15.67,47.19,BuildingB_Floor2,TypeC
1038,2025-04-05 23:09:26,34.94,66.36,BuildingB_Floor2,TypeB
1093,2025-04-07 10:37:18,16.31,48.37,BuildingB_Floor2,TypeB
1014,2025-04-06 19:30:16,28.49,33.72,BuildingA_Floor1,TypeB
1045,2025-04-08 10:09:05,21.5,56.89,BuildingA_Floor1,TypeC
1084,2025-04-05 10:57:54,17.3,43.81,BuildingA_Floor1,TypeA
1055,2025-04-05 21:08:55,15.86,70.52,BuildingB_Floor2,TypeA
1072,2025-04-08 14:57:29,30.06,77.42,BuildingA_Floor1,TypeA
1019,2025-04-07 09:13:50,23.56,54.33,BuildingB_Floor2,TypeA
1055,2025-04-04 16:45:11,27.14,72.52,BuildingA_Floor1,TypeB
1001,2025-04-05 11:10:44,28.96,61.48,BuildingA_Floor1,TypeC
1085,2025-04-07 18:58:23,32.95,78.56,BuildingA_Floor2,TypeA
1060,2025-04-05 02:17:57,29.99,56.32,BuildingA_Floor1,TypeA
1058,2025-04-05 19:17:30,33.09,55.96,BuildingA_Floor2,TypeB
1100,2025-04-04 18:32:46,16.31,33.35,BuildingB_Floor1,TypeB
1000,2025-04-06 06:11:23,22.75,46.11,BuildingB_Floor1,TypeB
1031,2025-04-06 21:15:06,28.28,79.93,BuildingA_Floor1,TypeC
1020,2025-04-05 18:26:25,28.14,66.25,BuildingB_Floor2,TypeA
1009,2025-04-07 13:35:22,22.08,70.82,BuildingA_Floor2,TypeC
1091,2025-04-08 13:02:13,15.66,79.11,BuildingB_Floor1,TypeB
1058,2025-04-08 01:54:40,34.41,78.92,BuildingA_Floor1,TypeB
1098,2025-04-07 12:46:08,21.8,31.38,BuildingA_Floor2,TypeB
1017,2025-04-06 04:07:19,24.54,76.11,BuildingB_Floor1,TypeC
1058,2025-04-04 07:25:40,26.15,34.77,BuildingA_Floor2,TypeB
1013,2025-04-04 11:43:56,28.65,75.62,BuildingB_Floor1,TypeC
1003,2025-04-04 09:42:49,15.3,69.67,BuildingB_Floor1,TypeA
1084,2025-04-04 02:26:11,29.75,78.17,BuildingA_Floor2,TypeA
1054,2025-04-04 13:39:21,20.27,52.77,BuildingB_Floor1,TypeC
1026,2025-04-08 07:48:40,34.91,53.08,BuildingB_Floor1,TypeA
1034,2025-04-05 11:48:56,29.08,41.84,BuildingA_Floor1,TypeA
1008,2025-04-06 08:10:54,16.16,79.09,BuildingB_Floor2,TypeB
1052,2025-04-08 14:15:26,21.83,65.05,BuildingB_Floor1,TypeA
1045,2025-04-08 17:44:04,25.92,52.23,BuildingB_Floor1,TypeB
1001,2025-04-06 01:21:40,28.55,32.49,BuildingA_Floor2,TypeB
1071,2025-04-08 20:02:37,29.35,72.8,BuildingA_Floor2,TypeC
1061,2025-04-04 11:29:32,16.69,46.99,BuildingB_Floor2,TypeB
1012,2025-04-08 00:46:44,30.36,65.71,BuildingA_Floor1,TypeB
1015,2025-04-04 05:30:45,26.76,78.33,BuildingB_Floor2,TypeB
1070,2025-04-05 19:03:25,15.63,79.15,BuildingA_Floor1,TypeB
1007,2025-04-04 21:35:39,16.05,56.19,BuildingB_Floor2,TypeB
1048,2025-04-06 23:34:30,31.01,39.64,BuildingB_Floor1,TypeC
1046,2025-04-08 01:41:24,31.08,51.41,BuildingB_Floor1,TypeC
1031,2025-04-06 06:10:41,25.82,33.84,BuildingA_Floor2,TypeB
1070,2025-04-05 11:47:57,24.14,43.5,BuildingA_Floor2,TypeA
1036,2025-04-08 16:17:47,32.82,35.09,BuildingB_Floor1,TypeA
1029,2025-04-06 12:56:36,22.08,54.85,BuildingA_Floor1,TypeA
1081,2025-04-06 13:40:35,16.32,54.33,BuildingA_Floor2,TypeB
1088,2025-04-07 02:59:26,27.46,75.09,BuildingA_Floor2,TypeA
1009,2025-04-06 20:29:20,32.03,50.61,BuildingA_Floor1,TypeA
1008,2025-04-07 18:01:29,17.7,66.38,BuildingB_Floor1,TypeC
1040,2025-04-07 16:30:51,26.19,39.81,BuildingA_Floor1,TypeC
1001,2025-04-05 16:36:43,27.32,36.05,BuildingA_Floor1,TypeB
1044,2025-04-05 08:05:36,15.9,69.73,BuildingA_Floor2,TypeC
1055,2025-04-06 08:56:26,18.96,57.6,BuildingA_Floor2,TypeA
1035,2025-04-05 05:13:37,26.61,33.13,BuildingB_Floor2,TypeB
1010,2025-04-05 06:36:14,27.01,43.02,BuildingB_Floor2,TypeA
1001,2025-04-04 05:21:08,26.83,70.38,BuildingB_Floor1,TypeB
1021,2025-04-08 20:56:48,26.73,55.8,BuildingA_Floor2,TypeB
1073,2025-04-04 08:11:52,24.79,71.37,BuildingA_Floor2,TypeC
1053,2025-04-08 21:35:44,16.19,54.88,BuildingB_Floor1,TypeA
1091,2025-04-07 14:04:36,19.22,72.53,BuildingA_Floor1,TypeC
1089,2025-04-07 16:53:42,27.95,35.79,BuildingA_Floor1,TypeB
1081,2025-04-04 02:50:57,17.84,34.4,BuildingA_Floor1,TypeB
1077,2025-04-07 20:26:04,15.42,52.21,BuildingA_Floor2,TypeC
1070,2025-04-04 00:28:18,18.97,40.27,BuildingA_Floor1,TypeB
1038,2025-04-07 23:09:40,33.32,59.09,BuildingB_Floor1,TypeC
1058,2025-04-05 10:05:49,27.72,54.16,BuildingA_Floor1,TypeA
1063,2025-04-04 08:27:08,17.53,40.13,BuildingA_Floor2,TypeC
1001,2025-04-06 13:25:31,26.64,78.94,BuildingA_Floor1,TypeC
1061,2025-04-04 00:30:41,33.99,51.32,BuildingA_Floor1,TypeB
1039,2025-04-05 19:35:57,27.27,78.53,BuildingB_Floor1,TypeB
1033,2025-04-08 22:19:17,34.25,71.78,BuildingB_Floor1,TypeB
1086,2025-04-07 10:31:27,30.94,32.88,BuildingB_Floor1,TypeC
1001,2025-04-06 11:34:57,27.02,30.88,BuildingA_Floor1,TypeB
1077,2025-04-06 22:38:04,22.71,36.47,BuildingB_Floor1,TypeA
1049,2025-04-06 04:43:02,29.85,72.57,BuildingA_Floor2,TypeA
1031,2025-04-08 19:45:28,16.94,57.7,BuildingA_Floor2,TypeB
1066,2025-04-05 22:53:44,18.79,66.39,BuildingB_Floor2,TypeC
1083,2025-04-05 07:52:51,22.55,32.05,BuildingA_Floor1,TypeC
1088,2025-04-06 19:18:47,19.59,78.67,BuildingA_Floor1,TypeC
1009,2025-04-04 03:47:45,16.08,41.16,BuildingB_Floor1,TypeB
1066,2025-04-08 12:47:29,30.4,65.7,BuildingB_Floor1,TypeA
1093,2025-04-06 05:38:13,19.1,38.64,BuildingB_Floor1,TypeB
1005,2025-04-05 07:48:37,32.65,65.12,BuildingA_Floor1,TypeB
1029,2025-04-07 04:38:10,16.96,62.47,BuildingB_Floor2,TypeC
1086,2025-04-07 08:21:38,18.34,56.08,BuildingA_Floor1,TypeC
1040,2025-04-05 22:44:37,30.01,71.43,BuildingA_Floor1,TypeB
1040,2025-04-06 12:24:41,29.07,71.2,BuildingA_Floor1,TypeA
1088,2025-04-06 14:27:26,34.58,52.2,BuildingA_Floor2,TypeC
1062,2025-04-06 16:27:08,34.77,48.13,BuildingA_Floor1,TypeB
1033,2025-04-06 22:47:42,24.41,37.69,BuildingA_Floor2,TypeA
1083,2025-04-07 11:00:09,24.38,33.95,BuildingA_Floor1,TypeB
1034,2025-04-05 11:36:03,30.1,35.53,BuildingA_Floor1,TypeB
1026,2025-04-07 07:24:43,17.09,36.96,BuildingA_Floor2,TypeC
1024,2025-04-05 18:45:13,29.02,48.08,BuildingA_Floor2,TypeC
1070,2025-04-07 10:49:59,17.59,37.13,BuildingA_Floor2,TypeB
1046,2025-04-07 06:38:50,15.04,35.63,BuildingB_Floor2,TypeA
1006,2025-04-07 07:22:09,19.64,43.6,BuildingA_Floor2,TypeB
1028,2025-04-08 14:57:37,22.69,49.82,BuildingA_Floor1,TypeA
1071,2025-04-05 23:04:19,15.89,55.42,BuildingB_Floor2,TypeB
1075,2025-04-05 04:40:58,17.63,67.36,BuildingA_Floor2,TypeC
1098,2025-04-08 01:58:29,17.36,58.53,BuildingA_Floor2,TypeC
1034,2025-04-06 19:09:43,26.71,42.48,BuildingB_Floor1,TypeB
1049,2025-04-07 10:12:32,29.95,73.21,BuildingB_Floor1,TypeC
1057,2025-04-08 04:05:10,16.31,47.68,BuildingA_Floor2,TypeC
1048,2025-04-08 08:42:31,33.31,78.32,BuildingA_Floor1,TypeB
1062,2025-04-05 21:31:58,29.28,58.38,BuildingB_Floor1,TypeB
1058,2025-04-08 21:04:27,30.28,43.21,BuildingA_Floor2,TypeB
1046,2025-04-06 10:33:38,31.64,30.43,BuildingA_Floor2,TypeC
1096,2025-04-05 05:45:28,23.79,32.98,BuildingB_Floor2,TypeA
1024,2025-04-07 11:48:32,25.52,41.01,BuildingB_Floor1,TypeA
1092,2025-04-06 02:11:25,28.35,60.0,BuildingA_Floor1,TypeB
1074,2025-04-06 18:59:23,29.42,65.33,BuildingA_Floor2,TypeB
1051,2025-04-05 21:01:02,30.74,69.23,BuildingA_Floor2,TypeC
1083,2025-04-04 11:22:03,19.15,48.86,BuildingB_Floor2,TypeB
1030,2025-04-06 05:02:34,16.36,58.88,BuildingB_Floor2,TypeA
1079,2025-04-06 18:12:26,20.87,74.8,BuildingA_Floor2,TypeB
1056,2025-04-06 15:57:59,25.13,68.72,BuildingB_Floor1,TypeA
1094,2025-04-08 13:52:49,30.28,47.16,BuildingA_Floor2,TypeB
1099,2025-04-06 05:34:12,24.32,69.18,BuildingA_Floor2,TypeC
1093,2025-04-07 17:00:31,30.58,74.0,BuildingB_Floor1,TypeA
1003,2025-04-04 19:06:20,31.88,64.09,BuildingB_Floor1,TypeC
1009,2025-04-07 16:14:28,25.26,31.02,BuildingA_Floor2,TypeA
1058,2025-04-07 06:38:28,27.55,78.73,BuildingA_Floor1,TypeC
1100,2025-04-05 02:59:14,20.17,52.3,BuildingA_Floor1,TypeA
1005,2025-04-05 09:43:49,29.58,72.36,BuildingB_Floor2,TypeA
1011,2025-04-07 08:32:08,20.2,46.07,BuildingB_Floor2,TypeA
1088,2025-04-07 21:10:05,27.87,49.88,BuildingB_Floor2,TypeC
1025,2025-04-04 14:53:11,17.89,73.65,BuildingB_Floor2,TypeA
1030,2025-04-07 22:07:13,18.27,42.66,BuildingB_Floor1,TypeB
1058,2025-04-08 05:27:17,17.26,54.76,BuildingA_Floor1,TypeB
1071,2025-04-06 05:22:19,17.4,37.9,BuildingA_Floor2,TypeA
1011,2025-04-07 03:59:33,30.39,58.11,BuildingA_Floor2,TypeB
1096,2025-04-04 22:04:34,17.62,64.14,BuildingB_Floor2,TypeB
1064,2025-04-06 07:26:46,25.62,79.45,BuildingB_Floor1,TypeA
1010,2025-04-06 13:45:45,25.97,62.87,BuildingB_Floor2,TypeC
1053,2025-04-05 00:43:13,30.34,41.52,BuildingB_Floor2,TypeC
1012,2025-04-05 10:51:45,27.12,42.82,BuildingB_Floor2,TypeC
1053,2025-04-08 23:06:55,24.86,77.49,BuildingB_Floor2,TypeB
1005,2025-04-06 06:36:15,15.22,34.12,BuildingB_Floor1,TypeB
1038,2025-04-05 01:04:42,32.72,67.29,BuildingB_Floor2,TypeC
1051,2025-04-05 23:58:50,16.8,32.88,BuildingA_Floor1,TypeB
1044,2025-04-04 06:27:30,28.36,73.73,BuildingA_Floor1,TypeB
1031,2025-04-08 03:10:41,20.97,60.47,BuildingB_Floor1,TypeB
1022,2025-04-05 05:19:06,21.88,75.01,BuildingA_Floor1,TypeB
1047,2025-04-08 18:40:38,33.91,76.92,BuildingB_Floor2,TypeB
1050,2025-04-06 13:50:49,30.12,58.17,BuildingA_Floor2,TypeC
1048,2025-04-06 05:19:38,29.7,41.63,BuildingA_Floor2,TypeC
1005,2025-04-06 16:27:29,22.9,51.19,BuildingA_Floor1,TypeB
1006,2025-04-06 01:00:14,28.3,35.39,BuildingA_Floor2,TypeC
1006,2025-04-07 18:35:40,17.67,59.66,BuildingB_Floor1,TypeC
1053,2025-04-08 16:52:43,18.23,31.8,BuildingB_Floor1,TypeB
1083,2025-04-04 15:23:54,26.26,31.68,BuildingA_Floor1,TypeB
1077,2025-04-05 18:36:50,19.72,58.07,BuildingA_Floor2,TypeB
1086,2025-04-08 20:03:48,27.54,65.88,BuildingB_Floor1,TypeB
1081,2025-04-08 18:34:45,25.22,33.52,BuildingB_Floor2,TypeB
1007,2025-04-06 15:07:58,32.32,72.54,BuildingB_Floor1,TypeC
1091,2025-04-04 03:36:34,23.5,64.61,BuildingB_Floor1,TypeA
1056,2025-04-06 17:50:33,28.14,37.64,BuildingB_Floor1,TypeC
1065,2025-04-05 15:58:16,18.13,64.37,BuildingA_Floor2,TypeB
1049,2025-04-06 12:46:29,20.99,76.55,BuildingB_Floor1,TypeB
1010,2025-04-05 08:22:38,17.02,74.64,BuildingB_Floor1,TypeC
1021,2025-04-07 10:04:23,24.66,39.76,BuildingB_Floor1,TypeC
1032,2025-04-07 16:16:03,33.35,76.72,BuildingA_Floor2,TypeB
1028,2025-04-07 10:03:28,28.96,31.24,BuildingB_Floor2,TypeA
1090,2025-04-08 18:43:57,17.9,50.42,BuildingA_Floor1,TypeB
1047,2025-04-07 22:02:27,31.02,50.51,BuildingB_Floor2,TypeA
1071,2025-04-06 01:13:48,27.2,48.08,BuildingB_Floor2,TypeA
1084,2025-04-05 09:39:34,26.07,62.39,BuildingB_Floor1,TypeC
1011,2025-04-06 14:01:29,16.05,60.85,BuildingB_Floor1,TypeC
1070,2025-04-08 02:43:05,21.44,76.92,BuildingB_Floor1,TypeA
1018,2025-04-06 01:37:04,23.62,79.87,BuildingB_Floor2,TypeB
1057,2025-04-05 20:03:34,21.7,44.29,BuildingB_Floor1,TypeB
1007,2025-04-06 22:54:52,26.97,56.75,BuildingA_Floor1,TypeC
1036,2025-04-06 05:14:48,28.83,65.24,BuildingB_Floor2,TypeA
1091,2025-04-05 10:17:05,21.6,54.42,BuildingA_Floor2,TypeB
1030,2025-04-08 08:31:35,15.76,39.77,BuildingA_Floor1,TypeC
1004,2025-04-05 22:34:26,32.75,38.14,BuildingB_Floor2,TypeB
1077,2025-04-06 15:34:26,30.41,69.94,BuildingB_Floor1,TypeA
1010,2025-04-05 04:27:39,34.08,72.95,BuildingA_Floor1,TypeA
1030,2025-04-04 11:47:45,32.59,74.9,BuildingA_Floor2,TypeC
1012,2025-04-05 02:41:28,19.1,36.54,BuildingB_Floor1,TypeC
1082,2025-04-07 05:40:00,22.23,53.32,BuildingB_Floor2,TypeA
1026,2025-04-06 17:40:36,15.33,31.26,BuildingB_Floor2,TypeA
1037,2025-04-06 20:19:03,24.77,32.87,BuildingB_Floor1,TypeB
1075,2025-04-08 05:32:06,18.19,67.06,BuildingA_Floor2,TypeB
1090,2025-04-07 05:58:39,26.3,32.54,BuildingA_Floor1,TypeA
1061,2025-04-04 15:45:27,29.98,70.83,BuildingB_Floor1,TypeA
1049,2025-04-06 21:26:30,24.29,69.94,BuildingB_Floor2,TypeB
1080,2025-04-08 07:03:18,32.27,72.39,BuildingA_Floor1,TypeA
1050,2025-04-08 05:06:53,24.48,75.57,BuildingA_Floor2,TypeA
1057,2025-04-07 18:58:25,24.75,44.2,BuildingA_Floor2,TypeC
1095,2025-04-05 22:42:31,30.35,37.4,BuildingA_Floor1,TypeA
1087,2025-04-04 05:37:36,22.02,58.32,BuildingA_Floor2,TypeB
1053,2025-04-04 01:01:35,18.52,59.84,BuildingA_Floor2,TypeA
1042,2025-04-04 18:32:45,21.26,31.66,BuildingB_Floor2,TypeA
1006,2025-04-06 11:57:27,23.01,33.35,BuildingB_Floor2,TypeB
1045,2025-04-03 23:27:06,32.57,54.67,BuildingA_Floor1,TypeC
1070,2025-04-08 02:01:06,24.78,56.61,BuildingB_Floor1,TypeB
1082,2025-04-06 00:53:16,34.8,51.75,BuildingB_Floor2,TypeB
1066,2025-04-06 23:08:27,26.54,57.86,BuildingB_Floor2,TypeB
1031,2025-04-08 22:05:09,23.63,51.56,BuildingB_Floor2,TypeB
1024,2025-04-06 03:56:27,31.37,37.03,BuildingB_Floor1,TypeA
1045,2025-04-05 12:09:02,31.38,36.56,BuildingB_Floor2,TypeA
1012,2025-04-07 21:18:31,22.84,57.35,BuildingB_Floor2,TypeC
1044,2025-04-04 02:42:43,26.69,42.82,BuildingB_Floor1,TypeB
1024,2025-04-07 17:29:29,24.47,55.14,BuildingB_Floor2,TypeC
1031,2025-04-04 18:13:29,29.86,60.76,BuildingB_Floor2,TypeC
1023,2025-04-07 08:14:31,33.91,34.82,BuildingA_Floor1,TypeC
1080,2025-04-05 17:42:46,28.07,51.24,BuildingA_Floor2,TypeB
1041,2025-04-08 16:59:13,25.39,74.74,BuildingA_Floor1,TypeB
1095,2025-04-04 15:26:40,22.5,74.37,BuildingA_Floor1,TypeB
1019,2025-04-08 10:11:48,32.79,31.82,BuildingA_Floor2,TypeB
1064,2025-04-08 17:17:38,21.21,44.48,BuildingB_Floor1,TypeB
1086,2025-04-04 03:52:53,30.38,30.15,BuildingA_Floor1,TypeA
1008,2025-04-05 21:11:55,31.86,54.45,BuildingB_Floor1,TypeC
1084,2025-04-04 08:24:54,16.0,72.02,BuildingA_Floor1,TypeC
1040,2025-04-04 17:10:55,22.63,50.46,BuildingA_Floor2,TypeB
1044,2025-04-08 08:00:54,29.04,56.91,BuildingB_Floor1,TypeA
1039,2025-04-08 00:40:25,19.15,72.29,BuildingB_Floor2,TypeB
1065,2025-04-06 21:08:14,24.27,33.29,BuildingB_Floor2,TypeB
1044,2025-04-05 07:59:59,26.09,49.57,BuildingA_Floor2,TypeB
1065,2025-04-06 10:17:33,33.75,35.28,BuildingB_Floor2,TypeA
1056,2025-04-04 11:36:49,23.57,31.78,BuildingB_Floor1,TypeA
1070,2025-04-06 21:42:20,33.52,70.36,BuildingB_Floor2,TypeB
1091,2025-04-05 00:26:13,16.86,61.72,BuildingA_Floor2,TypeC
1044,2025-04-07 16:36:58,15.09,66.64,BuildingA_Floor2,TypeC
1001,2025-04-05 06:49:48,18.81,54.17,BuildingB_Floor1,TypeA
1017,2025-04-04 04:47:16,26.88,40.53,BuildingA_Floor2,TypeB
1038,2025-04-08 19:58:46,16.49,61.16,BuildingA_Floor1,TypeB
1021,2025-04-05 11:59:19,24.97,57.57,BuildingB_Floor2,TypeC
1061,2025-04-07 04:29:52,34.17,71.66,BuildingA_Floor2,TypeC
1091,2025-04-08 02:46:14,33.75,42.25,BuildingA_Floor2,TypeC
1056,2025-04-07 09:08:38,34.78,63.05,BuildingB_Floor2,TypeA
1063,2025-04-06 00:40:02,15.52,48.0,BuildingA_Floor1,TypeB
1068,2025-04-08 06:43:07,23.52,52.08,BuildingA_Floor2,TypeA
1000,2025-04-06 12:24:34,29.59,52.63,BuildingB_Floor2,TypeC
1016,2025-04-08 12:22:40,17.39,59.27,BuildingB_Floor1,TypeC
1100,2025-04-08 21:28:11,31.79,51.96,BuildingA_Floor2,TypeC
1063,2025-04-08 21:24:28,22.83,63.82,BuildingB_Floor2,TypeB
1032,2025-04-06 07:06:58,15.91,62.07,BuildingB_Floor2,TypeA
1024,2025-04-05 15:38:48,26.86,46.38,BuildingB_Floor2,TypeA
1011,2025-04-06 23:47:45,27.72,76.18,BuildingA_Floor1,TypeA
1097,2025-04-07 22:09:27,21.13,32.03,BuildingB_Floor1,TypeC
1069,2025-04-05 09:18:43,21.72,34.52,BuildingA_Floor2,TypeB
1090,2025-04-07 09:00:18,32.93,55.16,BuildingA_Floor1,TypeA
1025,2025-04-08 16:39:01,19.88,47.62,BuildingB_Floor2,TypeC
1011,2025-04-04 22:02:19,20.64,70.57,BuildingB_Floor2,TypeB
1058,2025-04-05 22:16:56,29.08,71.66,BuildingB_Floor2,TypeC
1054,2025-04-05 22:26:25,27.04,39.96,BuildingA_Floor2,TypeA
1087,2025-04-06 00:52:49,16.65,73.07,BuildingA_Floor1,TypeC
1072,2025-04-06 10:15:41,29.57,40.25,BuildingB_Floor1,TypeA
1065,2025-04-08 22:36:19,34.47,69.23,BuildingB_Floor1,TypeB
1051,2025-04-07 03:25:07,34.85,51.3,BuildingA_Floor2,TypeA
1027,2025-04-04 14:21:18,28.01,66.12,BuildingB_Floor2,TypeA
1049,2025-04-04 06:07:32,15.01,34.45,BuildingA_Floor2,TypeC
1085,2025-04-04 09:38:35,22.96,57.5,BuildingA_Floor1,TypeA
1043,2025-04-08 19:22:27,29.71,66.62,BuildingB_Floor2,TypeA
1057,2025-04-07 17:27:38,26.7,73.35,BuildingA_Floor2,TypeA
1007,2025-04-05 13:09:20,30.27,31.2,BuildingB_Floor2,TypeB
1018,2025-04-07 04:21:22,31.98,63.35,BuildingB_Floor2,TypeB
1086,2025-04-07 05:55:33,33.88,73.87,BuildingB_Floor1,TypeA
1060,2025-04-04 02:12:11,22.47,63.96,BuildingA_Floor2,TypeB
1031,2025-04-04 11:20:15,21.75,79.72,BuildingA_Floor1,TypeA
1071,2025-04-07 16:30:51,26.39,61.76,BuildingB_Floor2,TypeC
1025,2025-04-07 00:11:51,33.03,49.05,BuildingA_Floor2,TypeA
1037,2025-04-06 04:34:18,32.45,52.06,BuildingB_Floor2,TypeB
1044,2025-04-05 14:55:05,32.74,49.77,BuildingB_Floor2,TypeB
1019,2025-04-06 20:54:19,30.54,51.46,BuildingB_Floor2,TypeB
1005,2025-04-08 16:46:28,16.75,79.6,BuildingB_Floor1,TypeB
1061,2025-04-08 16:49:00,15.01,70.1,BuildingB_Floor1,TypeC
1056,2025-04-08 13:08:35,27.44,30.26,BuildingB_Floor2,TypeA
1070,2025-04-08 08:29:03,31.61,57.39,BuildingB_Floor1,TypeA
1065,2025-04-04 10:19:54,22.36,59.81,BuildingA_Floor1,TypeB
1027,2025-04-08 05:43:08,20.38,52.11,BuildingB_Floor1,TypeC
1080,2025-04-05 18:00:29,28.77,65.27,BuildingB_Floor2,TypeB
1077,2025-04-05 14:18:14,21.14,51.85,BuildingA_Floor1,TypeB
1001,2025-04-05 20:49:43,15.59,66.14,BuildingB_Floor2,TypeB
1064,2025-04-06 00:16:25,30.97,33.54,BuildingA_Floor2,TypeB
1044,2025-04-05 09:05:35,18.39,63.46,BuildingB_Floor2,TypeC
1019,2025-04-05 11:38:55,32.76,52.07,BuildingA_Floor2,TypeC
1099,2025-04-04 05:54:35,22.88,45.05,BuildingA_Floor2,TypeC
1029,2025-04-07 17:18:52,18.09,43.59,BuildingA_Floor1,TypeB
1047,2025-04-04 20:46:37,23.38,37.64,BuildingA_Floor2,TypeC
1070,2025-04-06 18:57:37,21.94,68.94,BuildingB_Floor1,TypeB
1039,2025-04-08 21:52:26,27.9,41.07,BuildingA_Floor2,TypeB
1078,2025-04-04 23:25:38,22.83,42.36,BuildingA_Floor1,TypeB
1039,2025-04-06 11:17:37,32.55,44.69,BuildingB_Floor1,TypeC
1008,2025-04-06 14:08:24,24.34,71.3,BuildingB_Floor2,TypeB
1033,2025-04-08 19:18:34,17.32,34.81,BuildingA_Floor1,TypeA
1059,2025-04-04 22:48:07,26.3,43.25,BuildingB_Floor1,TypeA
1057,2025-04-04 05:47:37,20.49,65.27,BuildingB_Floor1,TypeC
1076,2025-04-08 09:00:20,34.39,46.4,BuildingB_Floor2,TypeA
1066,2025-04-04 12:38:55,27.19,32.91,BuildingB_Floor1,TypeC
1015,2025-04-07 04:34:35,15.37,30.37,BuildingA_Floor1,TypeB
1070,2025-04-06 07:34:57,20.23,52.74,BuildingB_Floor1,TypeB
1045,2025-04-05 07:36:14,16.72,79.89,BuildingB_Floor1,TypeB
1050,2025-04-08 16:47:14,27.98,38.6,BuildingB_Floor1,TypeB
1001,2025-04-07 15:27:46,32.77,33.32,BuildingA_Floor2,TypeC
1038,2025-04-08 20:26:15,23.12,79.65,BuildingA_Floor2,TypeB
1089,2025-04-08 15:16:07,27.47,61.43,BuildingB_Floor1,TypeB
1027,2025-04-05 08:07:44,19.24,34.02,BuildingA_Floor1,TypeC
1075,2025-04-06 12:18:47,25.67,60.84,BuildingA_Floor2,TypeB
1010,2025-04-05 19:35:33,19.51,32.36,BuildingA_Floor1,TypeC
1097,2025-04-04 12:47:00,25.4,36.21,BuildingA_Floor2,TypeA
1064,2025-04-08 02:35:35,27.97,50.11,BuildingB_Floor2,TypeA
1084,2025-04-06 04:16:28,24.15,31.42,BuildingA_Floor1,TypeB
1024,2025-04-08 22:44:44,30.71,30.33,BuildingA_Floor1,TypeA
1075,2025-04-05 02:42:39,30.72,45.35,BuildingA_Floor2,TypeA
1051,2025-04-05 08:37:30,15.77,39.87,BuildingB_Floor1,TypeA
1065,2025-04-04 01:18:48,15.98,34.59,BuildingA_Floor1,TypeC
1054,2025-04-05 03:51:39,24.08,77.2,BuildingB_Floor2,TypeC
1036,2025-04-08 02:09:51,28.06,45.14,BuildingA_Floor1,TypeB
1082,2025-04-06 21:59:53,17.26,62.31,BuildingB_Floor2,TypeC
1071,2025-04-04 12:09:44,27.9,50.45,BuildingB_Floor2,TypeA
1015,2025-04-08 22:52:49,33.07,61.16,BuildingA_Floor1,TypeB
1076,2025-04-06 08:31:17,27.77,54.78,BuildingA_Floor2,TypeA
1024,2025-04-07 04:44:35,23.15,47.94,BuildingA_Floor1,TypeB
1079,2025-04-05 17:52:35,31.29,31.23,BuildingA_Floor2,TypeB
1000,2025-04-06 16:38:17,18.51,43.41,BuildingB_Floor2,TypeC
1078,2025-04-07 17:47:18,27.49,52.54,BuildingB_Floor2,TypeB
1068,2025-04-08 17:13:37,25.06,33.32,BuildingA_Floor1,TypeC
1045,2025-04-06 18:56:38,18.75,77.0,BuildingA_Floor2,TypeA
1003,2025-04-04 21:34:02,33.43,33.25,BuildingA_Floor2,TypeB
1018,2025-04-08 16:46:37,23.63,57.14,BuildingB_Floor2,TypeB
1066,2025-04-07 06:37:12,22.38,69.5,BuildingA_Floor2,TypeA
1068,2025-04-04 10:59:45,22.9,65.91,BuildingA_Floor1,TypeA
1088,2025-04-07 15:18:24,31.03,75.46,BuildingA_Floor1,TypeB
1056,2025-04-04 15:12:51,31.4,70.79,BuildingA_Floor2,TypeA
1029,2025-04-04 00:43:53,25.63,36.0,BuildingA_Floor1,TypeA
1049,2025-04-08 11:43:28,24.98,35.45,BuildingA_Floor2,TypeA
1031,2025-04-06 19:55:06,23.2,39.37,BuildingB_Floor2,TypeC
1065,2025-04-05 04:40:51,32.76,36.83,BuildingB_Floor1,TypeA
1074,2025-04-07 18:57:01,20.15,36.47,BuildingA_Floor1,TypeB
1013,2025-04-05 02:32:44,29.14,65.94,BuildingA_Floor2,TypeA
1087,2025-04-06 12:11:27,28.69,72.82,BuildingB_Floor1,TypeA
1073,2025-04-06 02:37:29,15.77,34.56,BuildingA_Floor2,TypeB
1021,2025-04-06 01:26:28,18.06,59.3,BuildingA_Floor2,TypeC
1055,2025-04-08 17:46:09,18.62,38.09,BuildingB_Floor1,TypeB
1085,2025-04-05 23:22:07,29.03,34.48,BuildingA_Floor1,TypeB
1022,2025-04-08 06:27:32,32.14,60.78,BuildingA_Floor2,TypeB
1009,2025-04-08 17:51:31,30.05,49.22,BuildingB_Floor1,TypeC
1021,2025-04-05 23:11:41,33.44,72.84,BuildingB_Floor2,TypeA
1005,2025-04-07 16:46:12,27.8,36.97,BuildingB_Floor1,TypeA
1091,2025-04-05 16:38:03,20.97,35.78,BuildingB_Floor2,TypeB
1064,2025-04-07 09:55:43,24.26,47.86,BuildingB_Floor2,TypeB
1067,2025-04-03 23:17:06,17.04,31.28,BuildingA_Floor2,TypeB
1053,2025-04-06 11:35:21,31.61,56.72,BuildingB_Floor2,TypeB
1063,2025-04-04 05:39:42,26.55,67.59,BuildingB_Floor1,TypeA
1022,2025-04-04 00:02:18,25.88,38.53,BuildingA_Floor2,TypeA
1046,2025-04-07 00:28:10,21.16,33.88,BuildingA_Floor2,TypeC
1074,2025-04-06 09:55:35,25.39,36.77,BuildingA_Floor2,TypeC
1079,2025-04-05 07:40:26,26.91,30.1,BuildingB_Floor1,TypeA
1007,2025-04-05 11:40:09,17.69,54.57,BuildingB_Floor2,TypeC
1007,2025-04-06 11:51:35,27.73,77.23,BuildingA_Floor1,TypeA
1054,2025-04-05 17:50:54,19.41,71.2,BuildingB_Floor2,TypeA
1079,2025-04-07 23:16:48,24.9,41.13,BuildingB_Floor1,TypeA
1089,2025-04-05 16:45:12,20.85,41.42,BuildingA_Floor2,TypeA
1035,2025-04-07 17:39:19,33.27,41.98,BuildingB_Floor2,TypeA
1082,2025-04-06 05:11:51,32.29,65.22,BuildingB_Floor1,TypeB
1099,2025-04-08 05:50:00,18.72,74.79,BuildingB_Floor2,TypeC
1021,2025-04-04 18:46:44,18.62,58.68,BuildingA_Floor1,TypeB
1063,2025-04-04 11:53:07,29.32,71.91,BuildingA_Floor2,TypeC
1033,2025-04-05 23:03:03,28.34,47.49,BuildingA_Floor2,TypeB
1092,2025-04-04 21:32:50,16.85,71.75,BuildingB_Floor1,TypeA
1032,2025-04-04 14:16:37,15.09,72.81,BuildingA_Floor1,TypeC
1011,2025-04-07 22:22:03,30.87,59.38,BuildingA_Floor2,TypeC
1042,2025-04-07 23:01:26,18.83,68.01,BuildingB_Floor2,TypeB
1038,2025-04-04 19:49:28,21.38,61.14,BuildingA_Floor1,TypeC
1054,2025-04-04 14:22:14,30.85,49.26,BuildingB_Floor1,TypeB
1039,2025-04-06 00:29:25,22.68,73.74,BuildingB_Floor1,TypeB
1025,2025-04-06 23:44:22,21.75,42.95,BuildingB_Floor2,TypeB
1082,2025-04-07 07:53:26,26.44,41.7,BuildingA_Floor2,TypeC
1016,2025-04-05 20:31:28,33.22,76.26,BuildingA_Floor2,TypeC
1044,2025-04-08 05:50:33,18.08,46.15,BuildingB_Floor2,TypeC
1053,2025-04-07 09:18:48,34.18,36.51,BuildingA_Floor1,TypeC
1088,2025-04-05 05:56:41,20.34,69.86,BuildingB_Floor2,TypeA
1082,2025-04-05 06:38:43,28.59,77.62,BuildingA_Floor1,TypeC
1022,2025-04-05 03:21:46,15.78,37.54,BuildingB_Floor1,TypeC
1069,2025-04-08 11:58:04,23.47,37.85,BuildingA_Floor2,TypeA
1080,2025-04-07 12:58:23,31.04,75.95,BuildingB_Floor1,TypeB
1079,2025-04-06 19:55:12,21.9,52.36,BuildingA_Floor1,TypeB
1081,2025-04-07 17:52:11,29.46,45.91,BuildingA_Floor1,TypeA
1059,2025-04-06 08:09:34,20.34,79.83,BuildingA_Floor1,TypeB
1063,2025-04-04 04:01:21,25.85,74.95,BuildingB_Floor1,TypeB
1053,2025-04-05 18:26:42,33.2,74.07,BuildingB_Floor2,TypeC
1014,2025-04-05 18:18:45,18.35,71.61,BuildingA_Floor2,TypeB
1068,2025-04-05 11:50:34,32.61,70.51,BuildingA_Floor1,TypeB
1098,2025-04-05 20:00:02,23.35,30.12,BuildingB_Floor1,TypeB
1031,2025-04-08 05:04:59,33.99,68.76,BuildingB_Floor1,TypeB
1046,2025-04-08 04:53:58,23.99,57.22,BuildingB_Floor1,TypeA
1069,2025-04-08 11:33:55,15.43,46.92,BuildingB_Floor1,TypeB
1004,2025-04-08 06:03:13,32.25,45.65,BuildingB_Floor2,TypeA
1039,2025-04-04 17:48:37,19.19,73.51,BuildingA_Floor2,TypeB
1089,2025-04-08 13:21:41,29.55,76.27,BuildingA_Floor1,TypeA
1059,2025-04-04 07:03:41,27.41,55.54,BuildingB_Floor2,TypeB
1023,2025-04-06 05:11:39,20.44,72.02,BuildingA_Floor1,TypeC
1038,2025-04-04 21:26:12,31.86,65.76,BuildingB_Floor2,TypeB
1025,2025-04-07 19:35:39,29.16,60.55,BuildingB_Floor1,TypeA
1099,2025-04-06 13:40:58,17.21,47.6,BuildingA_Floor2,TypeB
1009,2025-04-04 04:53:58,20.89,49.2,BuildingB_Floor2,TypeA
1032,2025-04-05 17:08:00,27.7,58.66,BuildingA_Floor2,TypeB
1036,2025-04-07 08:56:47,33.06,63.83,BuildingB_Floor1,TypeC
1020,2025-04-07 01:22:11,29.72,41.97,BuildingA_Floor2,TypeB
1018,2025-04-08 07:48:23,32.37,36.14,BuildingA_Floor1,TypeC
1086,2025-04-08 05:17:27,21.93,40.08,BuildingA_Floor1,TypeA
1000,2025-04-04 04:29:09,24.41,48.8,BuildingA_Floor2,TypeB
1024,2025-04-08 03:22:32,17.93,68.46,BuildingB_Floor1,TypeC
1026,2025-04-07 16:18:07,15.47,70.02,BuildingB_Floor1,TypeC
1086,2025-04-05 18:52:04,32.63,56.97,BuildingA_Floor1,TypeB
1095,2025-04-06 12:43:06,32.91,58.69,BuildingA_Floor2,TypeC
1098,2025-04-06 23:44:30,30.02,48.66,BuildingB_Floor1,TypeA
1073,2025-04-04 23:35:20,20.3,70.18,BuildingB_Floor1,TypeB
1088,2025-04-08 06:15:09,15.21,78.43,BuildingA_Floor2,TypeA
1067,2025-04-06 18:41:56,31.93,31.76,BuildingB_Floor1,TypeB
1065,2025-04-08 12:44:14,23.24,76.85,BuildingA_Floor1,TypeC
1013,2025-04-07 03:03:24,27.45,42.5,BuildingB_Floor2,TypeC
1057,2025-04-08 07:39:58,30.71,30.16,BuildingA_Floor2,TypeA
1025,2025-04-08 07:04:21,33.81,48.91,BuildingB_Floor1,TypeB
1001,2025-04-08 14:13:30,31.8,72.81,BuildingA_Floor1,TypeA
1038,2025-04-07 03:50:19,17.64,76.29,BuildingB_Floor2,TypeA
1092,2025-04-08 00:56:55,26.0,66.45,BuildingB_Floor2,TypeA
1020,2025-04-06 00:33:53,28.89,75.59,BuildingB_Floor1,TypeB
1022,2025-04-08 12:36:04,29.82,36.66,BuildingA_Floor1,TypeB
1055,2025-04-08 19:53:32,30.36,66.49,BuildingA_Floor1,TypeC
1078,2025-04-08 15:29:35,29.38,35.39,BuildingB_Floor2,TypeB
1016,2025-04-06 01:48:21,26.34,42.35,BuildingB_Floor1,TypeA
1042,2025-04-05 16:34:35,18.9,69.53,BuildingA_Floor1,TypeA
1053,2025-04-05 01:50:27,22.58,50.38,BuildingB_Floor2,TypeB
1091,2025-04-07 08:41:06,32.92,59.88,BuildingB_Floor1,TypeC
1083,2025-04-08 12:56:56,23.87,61.5,BuildingB_Floor1,TypeC
1087,2025-04-05 06:36:39,28.78,44.81,BuildingB_Floor1,TypeC
1087,2025-04-07 19:12:59,22.05,66.59,BuildingA_Floor2,TypeA
1080,2025-04-08 22:53:32,32.03,65.2,BuildingB_Floor1,TypeC
1030,2025-04-08 12:56:13,28.91,43.83,BuildingA_Floor1,TypeB
1037,2025-04-06 23:50:40,19.37,38.53,BuildingB_Floor1,TypeC
1060,2025-04-04 08:07:29,32.54,33.23,BuildingA_Floor2,TypeA
1002,2025-04-08 04:48:39,21.9,35.82,BuildingA_Floor2,TypeC
1045,2025-04-06 19:43:37,19.67,52.91,BuildingA_Floor1,TypeC
1048,2025-04-07 15:06:46,29.98,73.66,BuildingA_Floor1,TypeB
1057,2025-04-05 15:44:20,18.78,63.71,BuildingB_Floor2,TypeA
1089,2025-04-04 07:46:17,24.99,70.61,BuildingB_Floor2,TypeC
1044,2025-04-05 10:34:45,20.73,45.17,BuildingA_Floor1,TypeC
1038,2025-04-07 16:05:42,27.88,71.47,BuildingB_Floor1,TypeB
1095,2025-04-05 19:40:45,21.97,72.21,BuildingB_Floor1,TypeA
1055,2025-04-06 18:40:25,34.89,73.78,BuildingA_Floor2,TypeA
1091,2025-04-07 19:41:35,15.2,40.35,BuildingA_Floor2,TypeA
1062,2025-04-04 09:57:43,22.73,67.76,BuildingA_Floor1,TypeA
1035,2025-04-06 08:29:23,21.63,39.68,BuildingB_Floor2,TypeA
1046,2025-04-07 22:46:49,26.96,37.11,BuildingB_Floor2,TypeA
1025,2025-04-07 18:13:24,16.45,67.99,BuildingA_Floor1,TypeB
1072,2025-04-08 14:00:36,20.34,60.51,BuildingA_Floor2,TypeA
1092,2025-04-07 00:05:01,26.08,76.88,BuildingA_Floor2,TypeA
1005,2025-04-07 13:44:49,33.47,77.44,BuildingA_Floor1,TypeB
1072,2025-04-08 19:41:34,17.97,46.66,BuildingB_Floor1,TypeC
1038,2025-04-07 21:27:14,19.04,79.42,BuildingA_Floor1,TypeC
1067,2025-04-06 03:46:05,32.48,66.18,BuildingB_Floor1,TypeA
1079,2025-04-06 06:03:14,25.6,47.38,BuildingB_Floor2,TypeC
1092,2025-04-05 14:43:47,33.85,76.5,BuildingB_Floor2,TypeA
1090,2025-04-05 11:10:34,19.41,68.82,BuildingA_Floor1,TypeA
1030,2025-04-04 00:41:01,30.17,31.51,BuildingB_Floor1,TypeB
